{"inputUnits":[34],"outputUnits":2,"inputs":{"0":{"dtype":"number","min":108.13796461674204,"max":615.8912237066971},"1":{"dtype":"number","min":309.4450017025596,"max":361.433090745357},"2":{"dtype":"number","min":126.18714784321031,"max":653.1418179629142},"3":{"dtype":"number","min":258.2644432469418,"max":368.6426504034745},"4":{"dtype":"number","min":71.32492065429688,"max":614.8402953566166},"5":{"dtype":"number","min":298.02397744697436,"max":339.7332897520902},"6":{"dtype":"number","min":205.9626274778132,"max":641.9640577885142},"7":{"dtype":"number","min":259.4943893164919,"max":421.354327954744},"8":{"dtype":"number","min":62.34947271514357,"max":531.7301311827542},"9":{"dtype":"number","min":265.7668726067794,"max":374.08953817267167},"10":{"dtype":"number","min":394.1263165390282,"max":630.8142518160636},"11":{"dtype":"number","min":416.84799395109474,"max":508.4780455472177},"12":{"dtype":"number","min":82.42055257161458,"max":362.9863002844024},"13":{"dtype":"number","min":423.91376896908406,"max":484.1311166997541},"14":{"dtype":"number","min":570.3792317708333,"max":703.9893642224763},"15":{"dtype":"number","min":529.2461699770207,"max":646.1531729447214},"16":{"dtype":"number","min":26.70405170373749,"max":183.3327925832648},"17":{"dtype":"number","min":566.4198905543277,"max":636.0159626341703},"18":{"dtype":"number","min":604.0120976431327,"max":650.1565947448997},"19":{"dtype":"number","min":579.913155405145,"max":645.811847218296},"20":{"dtype":"number","min":83.06649459035772,"max":184.11199670088916},"21":{"dtype":"number","min":608.2762038916871,"max":625.165562546044},"22":{"dtype":"number","min":424.4695593181409,"max":611.4649578562953},"23":{"dtype":"number","min":605.4964687949732,"max":637.7840117404335},"24":{"dtype":"number","min":133.4565714785927,"max":339.7600990429259},"25":{"dtype":"number","min":612.9768224348102,"max":638.2580952686176},"26":{"dtype":"number","min":427.82257807882206,"max":615.6888526782654},"27":{"dtype":"number","min":603.8137322141413,"max":617.7756250950328},"28":{"dtype":"number","min":121.0511057000411,"max":355.8398253457588},"29":{"dtype":"number","min":610.9443965711091,"max":617.2700489613047},"30":{"dtype":"number","min":425.21452301426933,"max":603.4485398677357},"31":{"dtype":"number","min":635.12433704577,"max":642.009703987523},"32":{"dtype":"number","min":129.57219073646945,"max":356.90851161354465},"33":{"dtype":"number","min":633.6744164583976,"max":638.4116000459904}},"outputs":{"0":{"dtype":"string","min":0,"max":1,"uniqueValues":["Crouch","Stand"],"legend":{"Crouch":[1,0],"Stand":[0,1]}}},"isNormalized":true}