{"inputUnits":[34],"outputUnits":2,"inputs":{"0":{"dtype":"number","min":40.765943694532965,"max":578.6864474781772},"1":{"dtype":"number","min":248.92620622066028,"max":271.3579559326172},"2":{"dtype":"number","min":68.95089266592996,"max":631.3600909919069},"3":{"dtype":"number","min":170.25935189765795,"max":233.52744838647675},"4":{"dtype":"number","min":-6.977437337239583,"max":558.4406457867539},"5":{"dtype":"number","min":167.9141124926115,"max":233.14106054473342},"6":{"dtype":"number","min":180.16152599401642,"max":684.7496079562003},"7":{"dtype":"number","min":168.79108830502156,"max":253.5285631815592},"8":{"dtype":"number","min":-6.567255655924479,"max":449.69558063306306},"9":{"dtype":"number","min":127.51838817931056,"max":261.56056855854234},"10":{"dtype":"number","min":373.3026711982593,"max":629.9202125950864},"11":{"dtype":"number","min":347.381397715786,"max":429.06969572368416},"12":{"dtype":"number","min":3.929633424993147,"max":229.05137982284813},"13":{"dtype":"number","min":363.7921681320458,"max":512.0773020961828},"14":{"dtype":"number","min":539.6574452048853,"max":701.2252228720146},"15":{"dtype":"number","min":515.2905889143024,"max":637.7070061365763},"16":{"dtype":"number","min":-8.1454126458419,"max":103.04373222484922},"17":{"dtype":"number","min":621.8173820094058,"max":648.2651506390488},"18":{"dtype":"number","min":541.2267464085629,"max":674.076577906023},"19":{"dtype":"number","min":603.8314665409556,"max":627.7495601720976},"20":{"dtype":"number","min":30.228466234709085,"max":143.4972468593664},"21":{"dtype":"number","min":615.6939411581608,"max":639.1733240662959},"22":{"dtype":"number","min":375.028519881399,"max":601.3667571753786},"23":{"dtype":"number","min":628.6432199310838,"max":632.0975327073481},"24":{"dtype":"number","min":68.43251956136602,"max":202.90819435788873},"25":{"dtype":"number","min":604.9715577510365,"max":637.2405113253677},"26":{"dtype":"number","min":354.47329035976475,"max":580.4330688610411},"27":{"dtype":"number","min":610.8333534106873,"max":630.4592601039953},"28":{"dtype":"number","min":93.86826096919545,"max":198.4936145313999},"29":{"dtype":"number","min":611.5513630917197,"max":632.1671643173485},"30":{"dtype":"number","min":357.1632283194023,"max":581.5458992071319},"31":{"dtype":"number","min":633.5622827630293,"max":637.9680032479135},"32":{"dtype":"number","min":115.79631705033151,"max":201.2408383687337},"33":{"dtype":"number","min":638.3880817681028,"max":639.9635112494752}},"outputs":{"0":{"dtype":"string","min":0,"max":1,"uniqueValues":["Crouch","Stand"],"legend":{"Crouch":[1,0],"Stand":[0,1]}}},"isNormalized":true}